User Input,Mapped Function,Model Output,Latency (s)
Load EEG data from file,load data,[{'text': 'Please provide the path to the EEG data file.'}],1.18
I want to load data ,load data,[{'command': 'Import Data'}],0.13
Can you load data?,load data,[{'command': 'Import Data'}],0.10
Help me load data,load data,[{'command': 'Import Data'}],0.22
import data for me,load data,[{'command': 'Import Data'}],0.10
I want to import data,load data,[{'command': 'Import Data'}],0.19
data load,load data,[{'command': 'Import Data'}],0.20
load data,load data,[{'command': 'Import Data'}],0.19
import data,load data,[{'command': 'Import Data'}],0.19
load new data for analysis,load data,[{'command': 'Import Data'}],0.20
filter the data,"{""command"": ""Filtering"", ""parameters"": {""l_freq"": 1, ""h_freq"": 50}}","[{'command': 'Filtering', 'parameters': {'h_freq': 40.0, 'l_freq': 0.5}}]",1.33
apply filter to the data,"{""command"": ""Filtering"", ""parameters"": {""l_freq"": 1, ""h_freq"": 50}}","[{'command': 'Filtering', 'parameters': {'h_freq': 48, 'high_freq': 0.5, 'l_freq': 1, 'low_freq': 48}}]",3.24
apply band-pass filter to the data,"{""command"": ""Filtering"", ""parameters"": {""l_freq"": 1, ""h_freq"": 50}}","[{'command': 'Filtering', 'parameters': {'h_freq': 45, 'l_freq': 0.1}}]",0.74
filter the data within 5hz to 40hz,"{""command"": ""Filtering"", ""parameters"": {""l_freq"": 5, ""h_freq"": 40}}","[{'command': 'Export', 'parameters': {}}]",1.37
apply filter with low cutoff frequency of 5,"{""command"": ""Filtering"", ""parameters"": {""l_freq"": 5, ""h_freq"": 50}}","[{'command': 'Filtering', 'parameters': {'h_freq': 45, 'l_freq': 5}}]",4.65
apply filter with high cutoff of 45hz,"{""command"": ""Filtering"", ""parameters"": {""l_freq"": 1, ""h_freq"": 45}}","[{'command': 'Filtering', 'parameters': {'l_freq': 45}}]",1.02
Apply a low-pass filter at 40 Hz,"{""command"": ""Filtering"", ""parameters"": {""l_freq"": 1, ""h_freq"": 40}}","[[{'command': 'Resample', 'parameters': {'frequency': 128}}], [{'command': 'Filtering', 'parameters': {'h_freq': 40.0, 'l_freq': 0.5}}, {'command': 'Resample', 'parameters': {'frequency': 125}}, {'command': 'Normalize', 'parameters': {'method': 'z score'}}]]",5.68
Apply a high-pass filter at 0.5 Hz,"{""command"": ""Filtering"", ""parameters"": {""l_freq"": 0.5, ""h_freq"": 45}}","[{'command': 'Filtering', 'parameters': {'h_freq': 45, 'l_freq': 0.5}}]",1.23
Perform a bandpass filter from 0.1 Hz to 45 Hz,"{""command"": ""Filtering"", ""parameters"": {""l_freq"": 0.1, ""h_freq"": 45}}","[{'command': 'Time Epoch', 'parameters': {'end_time': 3, 'event': [100, 200, 300], 'start_time': -1}}]",18.14
Apply a bandpass filter from 1 to 40 Hz,"{""command"": ""Filtering"", ""parameters"": {""l_freq"": 1, ""h_freq"": 40}}","[{'command': 'Filtering', 'parameters': {'h_freq': 40, 'l_freq': 1}}]",1.24
Normalize the data,"{""command"": ""Normalize"", ""parameters"": {""method"": ""z score""}}","[{'command': 'Normalize', 'parameters': {'method': 'min max'}}]",0.99
normalize the data with z-score method,"{""command"": ""Normalize"", ""parameters"": {""method"": ""z score""}}","[{'command': 'Normalize', 'parameters': {'method': 'z score'}}]",0.88
normalize the data with min max method,"{""command"": ""Normalize"", ""parameters"": {""method"": ""min max""}}","[{'command': 'Normalize', 'parameters': {'method': 'min max'}}]",0.95
apply normalization to the data,"{""command"": ""Normalize"", ""parameters"": {""method"": ""z score""}}","[{'command': 'Normalize', 'parameters': {'method': 'z score'}}]",0.95
can you normalize the data?,"{""command"": ""Normalize"", ""parameters"": {""method"": ""min max""}}","[{'text': 'Yes, the software can normalize the data by subtracting the mean and dividing by the standard deviation of each channel.'}]",0.36
apply normalization to the data,"{""command"": ""Normalize"", ""parameters"": {""method"": ""z score""}}","[{'command': 'Normalize', 'parameters': {'method': 'min max'}}]",1.00
Normalize the data using z-score,"{""command"": ""Normalize"", ""parameters"": {""method"": ""z score""}}","[{'command': 'Normalize', 'parameters': {'method': 'min max'}}]",1.11
Perform min-max normalization,"{""command"": ""Normalize"", ""parameters"": {""method"": ""min max""}}","[{'command': 'Normalize', 'parameters': {'method': 'min max'}}]",1.19
normalize the data please,"{""command"": ""Normalize"", ""parameters"": {""method"": ""z score""}}","[{'text': 'Sure, I can help with that. What type of normalization do you want to perform? High-pass, low-pass, or band-pass?'}]",0.43
I want to normalize the data,"{""command"": ""Normalize"", ""parameters"": {""method"": ""z score""}}","[{'command': 'Normalize', 'parameters': {'method': 'z score'}}]",1.36
resample the data to 125hz,"{""command"": ""Resample"", ""parameters"": {""frequency"": 125}}","[{'command': 'Resample', 'parameters': {'frequency': 125}}]",1.15
resample the data to 250hz,"{""command"": ""Resample"", ""parameters"": {""frequency"": 250}}","[{'command': 'Resample', 'parameters': {'frequency': 250}}]",1.07
Downsample the data to 128 Hz,"{""command"": ""Resample"", ""parameters"": {""frequency"": 128}}","[{'command': 'Resample', 'parameters': {'frequency': 128}}]",0.84
resample the data to 125,"{""command"": ""Resample"", ""parameters"": {""frequency"": 125}}","[{'command': 'Resample', 'parameters': {'frequency': 125}}]",0.91
resample the data to 250,"{""command"": ""Resample"", ""parameters"": {""frequency"": 250}}","[{'command': 'Resample', 'parameters': {'frequency': 250}}]",0.92
Downsample the data to 100,"{""command"": ""Resample"", ""parameters"": {""frequency"": 100}}","[{'command': 'Resample', 'parameters': {'frequency': 100}}]",1.19
apply resampling to 128,"{""command"": ""Resample"", ""parameters"": {""frequency"": 128}}",[{'text': 'Resampling involves dividing the original data into smaller chunks and then stitching them back together at the end. This can be used to improve the performance of machine learning algorithms by reducing overfitting.'}],0.54
resample the data to 500hz please,"{""command"": ""Resample"", ""parameters"": {""frequency"": 500}}","[{'command': 'Resample', 'parameters': {'frequency': 500}}]",0.91
I want to resample the data to 256hz,"{""command"": ""Resample"", ""parameters"": {""frequency"": 256}}","[{'command': 'Resample', 'parameters': {'frequency': 256}}]",0.90
can you downsample the data to 200hz?,"{""command"": ""Resample"", ""parameters"": {""frequency"": 200}}","[{'command': 'Resample', 'parameters': {'frequency': 200}}]",1.04
"epoch with event 800,801,802","{{""command"": ""Time Epoch"", ""parameters"": {""event"": [800,801,802], ""start_time"": -0.5, ""end_time"": 3}}}","[{'command': 'Time Epoch', 'parameters': {'end_time': 3, 'event': [800, 801, 802], 'start_time': -0.5}}]",1.50
"epoch with event 600, 700, 801","{{""command"": ""Time Epoch"", ""parameters"": {""event"": [600, 700, 801], ""start_time"": -0.5, ""end_time"": 3}}}","[{'command': 'Time Epoch', 'parameters': {'event': [600, 700, 801]}}]",1.20
"epoch with event 800,801,802, 803, 804","{{""command"": ""Time Epoch"", ""parameters"": {""event"": [800,801,802, 803, 804], ""start_time"": -0.5, ""end_time"": 3}}}","[{'command': 'Time Epoch', 'parameters': {'end_time': 3, 'event': [800, 801, 802, 803, 804], 'start_time': -0.5}}]",2.04
epoch with event 800,"{{""command"": ""Time Epoch"", ""parameters"": {""event"": [800], ""start_time"": -0.5, ""end_time"": 3}}}","[{'command': 'Time Epoch', 'parameters': {'end_time': 3, 'event': [800], 'start_time': -0.5}}]",1.16
"epoch with event 800,801,802 with start time of -1","{{""command"": ""Time Epoch"", ""parameters"": {""event"": [800,801,802], ""start_time"": -1, ""end_time"": 3}}}","[{'command': 'Time Epoch', 'parameters': {'event': [800, 801, 802], 'start_time': -1}}]",1.15
"epoch with event 800,801,802 with time -1 to 5","{{""command"": ""Time Epoch"", ""parameters"": {""event"": [800,801,802], ""start_time"": -1, ""end_time"": 5}}}","[{'command': 'Time Epoch', 'parameters': {'end_time': 5, 'event': [800, 801, 802], 'start_time': -1}}]",1.64
epoch with event 800 with start time 1sec prior of event to 3sec after,"{{""command"": ""Time Epoch"", ""parameters"": {""event"": [800], ""start_time"": -1, ""end_time"": 3}}}","[{'command': 'Time Epoch', 'parameters': {'end_time': 3, 'event': [800, 100], 'start_time': 1}}]",1.32
epoch with event 800 with start time 0.5sec prior of event to 3sec after,"{{""command"": ""Time Epoch"", ""parameters"": {""event"": [800], ""start_time"": -0.5, ""end_time"": 3}}}","[{'command': 'Time Epoch', 'parameters': {'event': [800, 0.5, 3]}}]",2.06
"epoch with event 800,801,802 and do baseline removal","{{""command"": ""Time Epoch"", ""parameters"": {""event"": [800,801,802], ""start_time"": -0.5, ""end_time"": 3, ""baseline_tmin"": -0.5, ""baseline_tmax"": 3, ""doRemoval""： True}}}","[{'command': 'Time Epoch', 'parameters': {'baseline_tmax': 3, 'baseline_tmin': -0.5, 'doRemoval': True, 'end_time': 3, 'event': [800, 801, 802], 'start_time': -0.5}}]",2.67
epoch with event 800 and do baseline removal,"{{""command"": ""Time Epoch"", ""parameters"": {""event"": [800], ""start_time"": -0.5, ""end_time"": 3, ""baseline_tmin"": -0.5, ""baseline_tmax"": 3, ""doRemoval""： True}}}","[{'command': 'Time Epoch', 'parameters': {'baseline_tmax': 3, 'baseline_tmin': -0.5, 'doRemoval': True, 'end_time': 3, 'event': [800], 'start_time': -0.5}}]",1.98
export the preprocessed data,"{""command"": ""Export"", ""parameters"": {""path"": ""./preprocessed_data""}}",[],0.80
save the preprocessed data,"{""command"": ""Export"", ""parameters"": {""path"": ""./preprocessed_data""}}",[{'command': 'Import Data'}],0.21
export the current data,"{""command"": ""Export"", ""parameters"": {""path"": ""./preprocessed_data""}}","[{'text': 'Welcome to the EEG data analysis software! We can help you with data loading, preprocessing, training, evaluation, and visualization. Please let us know how we can assist you further.'}]",1.07
save the data now,"{""command"": ""Export"", ""parameters"": {""path"": ""./preprocessed_data""}}",[{'command': 'Import Data'}],0.14
perform export,"{""command"": ""Export"", ""parameters"": {""path"": ""./preprocessed_data""}}",[{'command': 'Import Data'}],0.12
export the data,"{""command"": ""Export"", ""parameters"": {""path"": ""./preprocessed_data""}}","[{'text': ""I'm ready to load data. What kind of data would you like to load?""}]",1.07
export current data,"{""command"": ""Export"", ""parameters"": {""path"": ""./preprocessed_data""}}","[{'text': ""I'm ready to start! Please provide me with the necessary data for analysis.""}]",0.85
I want to save the preprocessed data,"{""command"": ""Export"", ""parameters"": {""path"": ""./preprocessed_data""}}",[{'command': 'Import Data'}],0.18
export the data to ./preprocessed,"{""command"": ""Export"", ""parameters"": {""path"": ""./preprocessed""}}",[{'command': 'Import Data'}],0.18
export the data to ./new_data,"{""command"": ""Export"", ""parameters"": {""path"": ""./new_data""}}",[{'command': 'Import Data'}],0.17
I want to split the data using trial.,"{""command"": ""Dataset splitting"", ""parameters"": {""training_type"": ""full data"", ""testing_type"": ""By Trial"", ""validation_type"": ""By Trial"", ""cross_validation"": ""False""}}","[{'command': 'Dataset splitting', 'parameters': {'cross_validation': 'False', 'testing_type': 'By Trial', 'training_type': 'full data', 'validation_type': 'By Trial'}}]",2.69
standard data splitting.,"{{""command"": ""Dataset splitting"", ""parameters"": {""training_type"": ""full data"", ""testing_type"": ""By Session"", ""validation_type"": ""By Session"", ""cross_validation"": ""False""}}}","[{'command': 'Dataset splitting', 'parameters': {'testing_type': 'By Session', 'training_type': 'full data', 'validation_type': 'By Session'}}]",1.71
split data into train test validation,"{{""command"": ""Dataset splitting"", ""parameters"": {""training_type"": ""full data"", ""testing_type"": ""By Session"", ""validation_type"": ""By Session"", ""cross_validation"": ""False""}}}","[{'command': 'Dataset splitting', 'parameters': {'cross_validation': 'False', 'testing_type': 'By Session', 'training_type': 'full data', 'validation_type': 'By Session'}}]",1.62
split the data,"{{""command"": ""Dataset splitting"", ""parameters"": {""training_type"": ""full data"", ""testing_type"": ""By Session"", ""validation_type"": ""By Session"", ""cross_validation"": ""False""}}}","[{'command': 'Dataset splitting', 'parameters': {'session_index': 1, 'training_type': 'By Session'}}]",1.12
split the data by session,"{{""command"": ""Dataset splitting"", ""parameters"": {""training_type"": ""full data"", ""testing_type"": ""By Session"", ""validation_type"": ""By Session"", ""cross_validation"": ""False""}}}","[[{'command': 'Dataset splitting', 'parameters': {'cross_validation': 'False', 'testing_type': 'By Session', 'training_type': 'full data', 'validation_type': 'By Session'}}], [{'command': 'Dataset Splitting', 'parameters': {'cross_validation': False, 'testing_type': 'By Session', 'training_type': 'By Session', 'validation_type': 'By Session'}}]]",1.37
create training testing and validation sets,"{{""command"": ""Dataset splitting"", ""parameters"": {""training_type"": ""full data"", ""testing_type"": ""By Session"", ""validation_type"": ""By Session"", ""cross_validation"": ""False""}}}","[{'command': 'Dataset splitting', 'parameters': {'cross_validation': 'False', 'testing_type': 'By Session', 'training_type': 'full data', 'validation_type': 'By Session'}}]",1.89
split the data with cross validation,"{""command"": ""Dataset splitting"", ""parameters"": {""training_type"": ""full data"", ""testing_type"": ""By Trial"", ""validation_type"": ""By Trial"", ""cross_validation"": ""True""}}","[{'command': 'Dataset splitting', 'parameters': {'cross_validation': 'True', 'testing_type': 'By Session', 'training_type': 'full data', 'validation_type': 'By Session'}}]",1.65
I want to split the data using trial and use cross validation,"{""command"": ""Dataset splitting"", ""parameters"": {""training_type"": ""full data"", ""testing_type"": ""By Trial"", ""validation_type"": ""By Trial"", ""cross_validation"": ""True""}}","[{'command': 'Dataset splitting', 'parameters': {'cross_validation': 'True', 'testing_type': 'By Trial', 'training_type': 'full data', 'validation_type': 'By Trial'}}]",1.64
create training testing and validation sets and apply cross validation,"{""command"": ""Dataset splitting"", ""parameters"": {""training_type"": ""full data"", ""testing_type"": ""By Trial"", ""validation_type"": ""By Trial"", ""cross_validation"": ""True""}}","[{'command': 'Dataset splitting', 'parameters': {'cross_validation': 'True', 'testing_type': 'By Session', 'training_type': 'full data', 'validation_type': 'By Session'}}]",1.66
split the data by trial,"{""command"": ""Dataset splitting"", ""parameters"": {""training_type"": ""full data"", ""testing_type"": ""By Trial"", ""validation_type"": ""By Trial"", ""cross_validation"": ""False""}}","[{'command': 'Dataset splitting', 'parameters': {'cross_validation': 'False', 'testing_type': 'By Trial', 'training_type': 'full data', 'validation_type': 'By Trial'}}]",1.27
Use SCCNet,"{""command"": ""Model Selection"", ""parameters"": {""model"": ""SCCNet""}}","[{'command': 'Model Selection', 'parameters': {'model': 'SCCNet'}}, {'command': 'Training Setting', 'parameters': {'batch size': 32, 'checkpoint epoch': 10, 'epoch': 100, 'evaluation': 'Best validation loss', 'learning rate': 0.001, 'optimizer': 'ASGD', 'output directory': './output_model', 'repeat': 1}}]",2.74
Select SCCNet,"{""command"": ""Model Selection"", ""parameters"": {""model"": ""SCCNet""}}","[{'command': 'Model Selection', 'parameters': {'model': 'SCCNet'}}]",0.89
use sccnet as model,"{""command"": ""Model Selection"", ""parameters"": {""model"": ""SCCNet""}}","[{'command': 'Model Selection', 'parameters': {'model': 'SCCNet'}}]",0.87
perform model selection with sccnet,"{""command"": ""Model Selection"", ""parameters"": {""model"": ""SCCNet""}}","[{'command': 'Model Selection', 'parameters': {'model': 'SCCNet'}}, {'command': 'Training Setting', 'parameters': {'batch size': 32, 'checkpoint epoch': 10, 'epoch': 100, 'evaluation': 'Best validation loss', 'learning rate': 0.001, 'optimizer': 'ASGD', 'output directory': './output_model', 'repeat': 1}}]",2.95
Use EEGNet,"{""command"": ""Model Selection"", ""parameters"": {""model"": ""EEGNet""}}","[{'command': 'Model Selection', 'parameters': {'model': 'EEGNet'}}]",0.91
Select EEGNet,"{""command"": ""Model Selection"", ""parameters"": {""model"": ""EEGNet""}}","[{'command': 'Model Selection', 'parameters': {'model': 'EEGNet'}}]",1.30
can you use eegnet,"{""command"": ""Model Selection"", ""parameters"": {""model"": ""EEGNet""}}","[{'command': 'Model Selection', 'parameters': {'model': 'EEGNet'}}]",0.93
perform model selection with eegnet,"{""command"": ""Model Selection"", ""parameters"": {""model"": ""EEGNet""}}","[{'command': 'Model Selection', 'parameters': {'model': 'EEGNet'}}]",0.93
use ShallowConvNet,"{""command"": ""Model Selection"", ""parameters"": {""model"": ""ShallowConvNet""}}","[{'command': 'Model Selection', 'parameters': {'model': 'ShallowConvNet'}}, {'command': 'Training Setting', 'parameters': {'batch size': 16, 'checkpoint epoch': 20, 'epoch': 200, 'evaluation': 'Best testing AUC', 'learning rate': 0.01, 'optimizer': 'Adam', 'output directory': './output_model', 'repeat': 1}}]",3.08
select ShallowConvNet,"{""command"": ""Model Selection"", ""parameters"": {""model"": ""ShallowConvNet""}}","[{'command': 'Model Selection', 'parameters': {'model_type': 'ShallowConvNet'}}]",0.86
start training,"{""command"": ""Training Setting"", ""parameters"": {""epoch"" : 100, ""batch size"": 32, ""learning rate"": 0.001, ""optimizer"": ""ASGD"", ""output directory"": ""./output_model"", ""checkpoint epoch"": 10, ""evaluation"": ""Best validation loss"", ""repeat"" : 1}}","[{'command': 'Training Setting', 'parameters': {'batch size': 16, 'checkpoint epoch': 20, 'epoch': 200, 'evaluation': 'Best testing AUC', 'learning rate': 0.01, 'optimizer': 'Adam', 'output directory': './output_model', 'repeat': 1}}]",1.75
start model training,"{""command"": ""Training Setting"", ""parameters"": {""epoch"" : 100, ""batch size"": 32, ""learning rate"": 0.001, ""optimizer"": ""ASGD"", ""output directory"": ""./output_model"", ""checkpoint epoch"": 10, ""evaluation"": ""Best validation loss"", ""repeat"" : 1}}","[{'command': 'Model Selection', 'parameters': {'model': 'ShallowConvNet'}}, {'command': 'Training Setting', 'parameters': {'batch size': 16, 'checkpoint epoch': 20, 'epoch': 200, 'evaluation': 'Best testing AUC', 'learning rate': 0.01, 'optimizer': 'Adam', 'output directory': './output_model', 'repeat': 1}}]",2.79
start training the model,"{""command"": ""Training Setting"", ""parameters"": {""epoch"" : 100, ""batch size"": 32, ""learning rate"": 0.001, ""optimizer"": ""ASGD"", ""output directory"": ""./output_model"", ""checkpoint epoch"": 10, ""evaluation"": ""Best validation loss"", ""repeat"" : 1}}","[{'command': 'Training Manager', 'parameters': {'plot': 'accuracy'}}]",0.74
start training with batch size of 64,"{""command"": ""Training Setting"", ""parameters"": {""epoch"" : 100, ""batch size"": 64, ""learning rate"": 0.001, ""optimizer"": ""ASGD"", ""output directory"": ""./output_model"", ""checkpoint epoch"": 10, ""evaluation"": ""Best validation loss"", ""repeat"" : 1}}","[{'command': 'Model Selection', 'parameters': {'model': 'ShallowConvNet'}}, {'command': 'Training Setting', 'parameters': {'batch size': 16, 'checkpoint epoch': 20, 'epoch': 200, 'evaluation': 'Best testing AUC', 'learning rate': 0.01, 'optimizer': 'Adam', 'output directory': './output_model', 'repeat': 1}}]",2.81
start model training with 50 epochs,"{""command"": ""Training Setting"", ""parameters"": {""epoch"" : 50, ""batch size"": 32, ""learning rate"": 0.001, ""optimizer"": ""ASGD"", ""output directory"": ""./output_model"", ""checkpoint epoch"": 10, ""evaluation"": ""Best validation loss"", ""repeat"" : 1}}","[{'command': 'Model Selection', 'parameters': {'model': 'EEGNet'}}, {'command': 'Training Setting', 'parameters': {'batch size': 32, 'checkpoint epoch': 5, 'epoch': 50, 'evaluation': 'Best validation loss', 'learning rate': 0.001, 'optimizer': 'Adam', 'output directory': './output_model', 'repeat': 1}}]",2.83
start training the model with learning rate 0.01 and 200 epochs,"{""command"": ""Training Setting"", ""parameters"": {""epoch"" : 200, ""batch size"": 32, ""learning rate"": 0.01, ""optimizer"": ""ASGD"", ""output directory"": ""./output_model"", ""checkpoint epoch"": 10, ""evaluation"": ""Best validation loss"", ""repeat"" : 1}}","[{'command': 'Model Selection', 'parameters': {'model': 'ShallowConvNet'}}, {'command': 'Training Setting', 'parameters': {'batch size': 16, 'checkpoint epoch': 20, 'epoch': 200, 'evaluation': 'Best testing AUC', 'learning rate': 0.01, 'optimizer': 'Adam', 'output directory': './output_model', 'repeat': 1}}]",2.85
start training the model with Adam optimizer,"{""command"": ""Training Setting"", ""parameters"": {""epoch"" : 100, ""batch size"": 32, ""learning rate"": 0.001, ""optimizer"": ""Adam"", ""output directory"": ""./output_model"", ""checkpoint epoch"": 10, ""evaluation"": ""Best validation loss"", ""repeat"" : 1}}","[{'command': 'Model Selection', 'parameters': {'model': 'ShallowConvNet'}}, {'command': 'Training Setting', 'parameters': {'batch size': 16, 'checkpoint epoch': 20, 'epoch': 200, 'evaluation': 'Best testing AUC', 'learning rate': 0.01, 'optimizer': 'Adam', 'output directory': './output_model', 'repeat': 1}}]",2.80
start training the model with SGD optimizer,"{""command"": ""Training Setting"", ""parameters"": {""epoch"" : 100, ""batch size"": 32, ""learning rate"": 0.001, ""optimizer"": ""SGD"", ""output directory"": ""./output_model"", ""checkpoint epoch"": 10, ""evaluation"": ""Best validation loss"", ""repeat"" : 1}}","[{'command': 'Model Selection', 'parameters': {'model': 'SGD'}}, {'command': 'Training Setting', 'parameters': {'batch size': 16, 'checkpoint epoch': 20, 'epoch': 200, 'evaluation': 'Best testing AUC', 'learning rate': 0.01, 'optimizer': 'SGD', 'output directory': './output_model', 'repeat': 1}}]",2.75
set training of the model,"{""command"": ""Training Setting"", ""parameters"": {""epoch"" : 100, ""batch size"": 32, ""learning rate"": 0.001, ""optimizer"": ""ASGD"", ""output directory"": ""./output_model"", ""checkpoint epoch"": 10, ""evaluation"": ""Best validation loss"", ""repeat"" : 1}}","[[{'command': 'Training Setting', 'parameters': {'batch size': 16, 'checkpoint epoch': 20, 'epoch': 200, 'evaluation': 'Best testing AUC', 'learning rate': 0.01, 'optimizer': 'Adam', 'output directory': './output_model', 'repeat': 1}}], [{'command': 'Model Selection', 'parameters': {'model': 'ShallowConvNet'}}, {'command': 'Training Setting', 'parameters': {'batch size': 16, 'checkpoint epoch': 20, 'epoch': 200, 'evaluation': 'Best testing AUC', 'learning rate': 0.01, 'optimizer': 'Adam', 'output directory': './output_model', 'repeat': 1}}]]",2.28
set basic training settings,"{""command"": ""Training Setting"", ""parameters"": {""epoch"" : 100, ""batch size"": 32, ""learning rate"": 0.001, ""optimizer"": ""ASGD"", ""output directory"": ""./output_model"", ""checkpoint epoch"": 10, ""evaluation"": ""Best validation loss"", ""repeat"" : 1}}","[{'command': 'Training Setting', 'parameters': {'batch size': 32, 'checkpoint epoch': 10, 'epoch': 100, 'evaluation': 'Best validation loss', 'learning rate': 0.001, 'optimizer': 'Adam', 'output directory': './output_model', 'repeat': 1}}]",2.89
I want to see training accuracy,"{""command"": ""Training Manager"", ""parameters"": {""plot"": ""accuracy""}}","[{'command': 'Training Manager', 'parameters': {'plot': 'accuracy'}}]",1.06
Can I monitor the training accuracy?,"{""command"": ""Training Manager"", ""parameters"": {""plot"": ""accuracy""}}","[{'command': 'Training Manager', 'parameters': {'plot': 'accuracy'}}]",1.08
I want to see the training loss,"{""command"": ""Training Manager"", ""parameters"": {""plot"": ""loss""}}","[{'command': 'Training Manager', 'parameters': {'plot': 'loss'}}]",1.12
Show the training learning rate,"{""command"": ""Training Manager"", ""parameters"": {""plot"": ""learning rate""}}","[{'command': 'Training Manager', 'parameters': {'plot': 'learning rate'}}]",1.39
show training acc,"{""command"": ""Training Manager"", ""parameters"": {""plot"": ""accuracy""}}","[{'command': 'Training Manager', 'parameters': {'plot': 'accuracy'}}]",1.24
show training accuracy,"{""command"": ""Training Manager"", ""parameters"": {""plot"": ""accuracy""}}",[],0.69
I want to see training process,"{""command"": ""Training Manager"", ""parameters"": {""plot"": ""accuracy""}}","[{'command': 'Training Manager', 'parameters': {'duration': 100, 'metric_names': ['accuracy', 'loss'], 'plot': 'accuracy, loss', 'show_progress': True}}]",1.12
I want to see the training manager,"{""command"": ""Training Manager"", ""parameters"": {""plot"": ""accuracy""}}","[{'command': 'Training Manager', 'parameters': {'plot': 'accuracy'}}]",0.86
how to check training loss,"{""command"": ""Training Manager"", ""parameters"": {""plot"": ""loss""}}","[{'command': 'Training Manager', 'parameters': {'plot': 'loss'}}]",0.79
how is the training going?,"{""command"": ""Training Manager"", ""parameters"": {""plot"": ""accuracy""}}","[{'command': 'Training Manager', 'parameters': {'plot': 'accuracy'}}]",1.40
I want to see the accuracy results,"{{""command"": ""Performance Table"", ""parameters"": {""type"": ""Accuracy (%)""}}}",[{'text': 'Accuracy: 85.67%'}],0.63
I want to see the AUC and accuracy of testing,"{{""command"": ""Performance Table"", ""parameters"": {""type"": ""Area under ROC-curve""}}}","[{'command': 'Performance Table', 'parameters': {'type': 'Area under ROC-curve'}}, {'command': 'Performance Table', 'parameters': {'type': 'Accuracy (%)'}}]",2.57
I want to see the AUC of results,"{{""command"": ""Performance Table"", ""parameters"": {""type"": ""Area under ROC-curve""}}}","[{'text': 'Hi, how can I assist you today?'}]",1.07
I want to see the accuracy,"{{""command"": ""Performance Table"", ""parameters"": {""type"": ""Accuracy (%)""}}}",[],0.72
I want to see testing accuracy and kappa value,"{{""command"": ""Performance Table"", ""parameters"": {""type"": ""Accuracy (%)""}}}","[{'text': ""Sure, here's the requested information. Please let me know if you have any other questions.""}]",2.91
show me testing accuracy,"{{""command"": ""Performance Table"", ""parameters"": {""type"": ""Accuracy (%)""}}}",[{'text': 'The training process has finished. The following metrics are available:'}],1.10
show testing accuracy,"{{""command"": ""Performance Table"", ""parameters"": {""type"": ""Accuracy (%)""}}}",[{'text': 'Accuracy: 85.00% ± 5.00'}],0.52
show performance table,"{{""command"": ""Performance Table"", ""parameters"": {""type"": ""Accuracy (%)""}}}","[{'text': 'You can use this software to preprocess EEG data, train machine learning models, evaluate results, and visualize data insights.'}]",0.89
I want to see testing kappa value,"{{""command"": ""Performance Table"", ""parameters"": {""type"": ""kappa value""}}}",[],1.40
show me testing kappa value,"{{""command"": ""Performance Table"", ""parameters"": {""type"": ""kappa value""}}}",[{'text': 'The training process has completed. Here are the performance metrics:'}],1.28
confusion matrix please," ""{{""command"": ""Confusion matrix""}}""",[{'text': 'What can this software do?'}],0.59
I want to see the confusion table," ""{{""command"": ""Confusion matrix""}}""",[{'text': 'Confusion matrix please'}],0.53
confusion matrix," ""{{""command"": ""Confusion matrix""}}""","[{'text': 'Hi, how can I assist you today?'}]",2.89
show confusion matrix," ""{{""command"": ""Confusion matrix""}}""",[{'text': 'Confusion matrix please'}],0.65
can I see the confusion matrix of resuts," ""{{""command"": ""Confusion matrix""}}""",[{'text': 'Confusion matrix can show how each label is classified.'}],1.16
I want to see testing confusion matrix," ""{{""command"": ""Confusion matrix""}}""","[{'command': 'Confusion matrix', 'parameters': {}}, {'text': 'Confusion matrix please'}]",0.77
show the confusion matrix," ""{{""command"": ""Confusion matrix""}}""",[{'text': 'Confusion matrix please'}],1.11
confusion matrix of testing results," ""{{""command"": ""Confusion matrix""}}""","[{'command': 'Confusion matrix', 'parameters': {'type': 'Accuracy (%)'}}]",0.76
show me the confusion," ""{{""command"": ""Confusion matrix""}}""","[{'text': ""The confusion matrix shows the number of correctly and incorrectly classified instances in the training data. It can be used to assess the model's performance and identify areas for improvement.""}]",0.46
show confusion matrix," ""{{""command"": ""Confusion matrix""}}""","[{'text': 'Hi, how can I assist you today?'}]",0.71
Can you export the model.," ""{{""command"": ""Export Model""}}""","[{'text': ""I'm unable to provide the requested information. Please provide more context or specify the desired data or analysis.""}]",0.85
export the model," ""{{""command"": ""Export Model""}}""",[{'command': 'Import Data'}],0.13
export model," ""{{""command"": ""Export Model""}}""","[{'text': 'Loading data, please wait...'}]",0.71
I want to export the model," ""{{""command"": ""Export Model""}}""","[{'command': 'Export Model', 'parameters': {}}]",0.54
Export the trained model," ""{{""command"": ""Export Model""}}""",[],1.22
Export current model," ""{{""command"": ""Export Model""}}""",[{'text': 'Thank you for your question. I have provided you with the information you requested.'}],0.85
Can you export the model for me," ""{{""command"": ""Export Model""}}""","[{'text': ""I'm ready to assist you with your EEG data analysis. Please let me know what you'd like to do.""}]",1.09
Output the model," ""{{""command"": ""Export Model""}}""","[{'text': 'The software allows you to preprocess EEG data, train machine learning models, evaluate results, and visualize data insights.'}]",1.50
Can you output the model," ""{{""command"": ""Export Model""}}""""","[{'text': 'Hi, how can I assist you today?'}]",0.83
perform export model," ""{{""command"": ""Export Model""}}""",[{'command': 'Import Data'}],0.12
Show me the saliency map.,"{""command"": ""Saliency map""}","[{'command': 'Saliency map', 'parameters': {}}]",0.87
Can I see a saliency map?,"{""command"": ""Saliency map""}",[{'text': 'Which saliency plot do you want to see? Saliency map or saliency topographic map?'}],0.83
Display the saliency map.,"{""command"": ""Saliency map""}","[{'command': 'Saliency map', 'parameters': {'event': 'None'}}]",0.92
I want to check the saliency map.,"{""command"": ""Saliency map""}","[{'command': 'Saliency map', 'parameters': {}}]",0.65
Generate a saliency map.,"{""command"": ""Saliency map""}","[{'command': 'Saliency map', 'parameters': {'event': 'LH'}}]",1.03
Provide the saliency map.,"{""command"": ""Saliency map""}","[{'command': 'Saliency map', 'parameters': {'event': 'None'}}]",0.69
Can you plot the saliency map?,"{""command"": ""Saliency map""}","[{'command': 'Saliency map', 'parameters': {'event': None}}]",0.93
Give me a saliency map visualization.,"{""command"": ""Saliency map""}","[{'command': 'Saliency map', 'parameters': {'event': 'LH'}}]",1.24
I need a saliency map.,"{""command"": ""Saliency map""}","[{'command': 'Saliency map', 'parameters': {}}]",0.72
Show saliency visualization.,"{""command"": ""Saliency map""}",[],1.41
Show me the saliency topographic map.,"{""command"": ""Saliency topographic map""}","[{'command': 'Saliency topographic map', 'parameters': {'event': 'LH'}}]",0.93
Can I see a topographic saliency map?,"{""command"": ""Saliency topographic map""}",[],0.40
Display the saliency topo map.,"{""command"": ""Saliency topographic map""}",[],0.60
I want to check the saliency topographic map.,"{""command"": ""Saliency topographic map""}","[{'command': 'Saliency topographic map', 'parameters': {'event': 'None'}}]",1.05
Generate a topographic saliency map.,"{""command"": ""Saliency topographic map""}","[{'command': 'Saliency topographic map', 'parameters': {'event': 'LH'}}]",1.03
Provide the topographic saliency map.,"{""command"": ""Saliency topographic map""}","[{'command': 'Saliency topographic map', 'parameters': {'event': 'LH'}}]",0.81
Can you plot the topo saliency map?,"{""command"": ""Saliency topographic map""}","[{'command': 'Saliency topographic map', 'parameters': {'event': 'LH'}}]",0.87
Give me a saliency topo visualization.,"{""command"": ""Saliency topographic map""}","[{'command': 'Saliency topographic map', 'parameters': {'event': 'LH'}}]",0.74
I need a saliency topographic map.,"{""command"": ""Saliency topographic map""}","[{'command': 'Saliency topographic map', 'parameters': {'event': None}}]",0.88
Show saliency topo visualization.,"{""command"": ""Saliency topographic map""}","[{'command': 'Saliency topographic map', 'parameters': {'event': 'LH'}}]",1.08
Show me the saliency spectrogram.,"{""command"": ""Saliency spectrogram""}","[{'command': 'Saliency spectrogram', 'parameters': {}}]",0.86
Can I see a saliency spectrogram?,"{""command"": ""Saliency spectrogram""}","[{'command': 'Saliency spectrogram', 'parameters': {}}]",0.76
Display the saliency spectrogram.,"{""command"": ""Saliency spectrogram""}",[{'text': 'Saliency Spectrogram'}],0.55
I want to check the saliency spectrogram,"{""command"": ""Saliency spectrogram""}","[{'command': 'Saliency spectrogram', 'parameters': {}}]",0.85
Generate a saliency spectrogram.,"{""command"": ""Saliency spectrogram""}","[{'command': 'Saliency spectrogram', 'parameters': {'event': None}}]",1.12
Provide the saliency spectrogram.,"{""command"": ""Saliency spectrogram""}","[{'command': 'Saliency spectrogram', 'parameters': {'image': 'path/to/image.png'}}]",0.80
Can you plot the saliency spectrogram?,"{""command"": ""Saliency spectrogram""}","[{'command': 'Saliency spectrogram', 'parameters': {'event': 'None'}}]",1.08
Give me a saliency spectrogram visualization.,"{""command"": ""Saliency spectrogram""}","[{'command': 'Saliency spectrogram', 'parameters': {'event': None}}]",0.87
I need a saliency spectrogram.,"{""command"": ""Saliency spectrogram""}","[{'command': 'Saliency spectrogram', 'parameters': {}}]",0.64
Show saliency spectrogram visualization.,"{""command"": ""Saliency spectrogram""}",[{'text': 'Which saliency plot do you want to see? Saliency map or saliency topographic map?'}],0.99
Show me a 3D saliency plot.,"{""command"": ""3D Saliency plot""}","[{'command': '3D Saliency plot', 'parameters': {'event': 'LH'}}]",0.83
Can I see a 3D saliency plot?,"{""command"": ""3D Saliency plot""}",[],0.96
Display the 3D saliency plot.,"{""command"": ""3D Saliency plot""}",[],0.99
I want to check the 3D saliency plot.,"{""command"": ""3D Saliency plot""}","[{'command': '3D Saliency plot', 'parameters': {'event': 'LH'}}]",1.07
Generate a 3D saliency plot.,"{""command"": ""3D Saliency plot""}","[{'command': '3D Saliency plot', 'parameters': {'event': 'LH'}}]",1.18
Show me a 3D saliency plot for event RH.,"{""command"": ""3D Saliency plot"", ""parameters"": {""event"": ""RH""}}","[{'command': '3D Saliency plot', 'parameters': {'event': 'RH'}}]",0.83
I need a 3D saliency plot for event 200.,"{""command"": ""3D Saliency plot"", ""parameters"": {""event"": ""200""}}","[{'command': '3D Saliency plot', 'parameters': {'event': 200}}]",0.96
Plot a 3D saliency map for event LH.,"{""command"": ""3D Saliency plot"", ""parameters"": {""event"": ""LH""}}","[{'command': '3D Saliency plot', 'parameters': {'event': 'LH'}}]",1.00
Give me a 3D saliency plot visualization.,"{""command"": ""3D Saliency plot""}",[],0.68
Show me a 3D saliency plot of event 50.,"{""command"": ""3D Saliency plot"", ""parameters"": {""event"": ""50""}}","[{'command': '3D Saliency plot', 'parameters': {'event': '50'}}]",0.93
Show me the model summary.,"{""command"": ""Model Summary""}",[],1.26
Can I see the model summary?,"{""command"": ""Model Summary""}",[{'text': 'Model Summary'}],0.84
Display the model summary,"{""command"": ""Model Summary""}",[{'text': 'Model Summary'}],0.64
I want to check the model summary,"{""command"": ""Model Summary""}","[{'command': 'Model Summary', 'parameters': {}}]",0.67
Provide the model summary.,"{""command"": ""Model Summary""}",[{'text': 'Model summary: ...'}],1.48
What model was used in training?,"{""command"": ""Model Summary""}","[{'command': 'Training Manager', 'parameters': {'model': 'ShallowConvNet'}}]",0.83
Give me details on the model used.,"{""command"": ""Model Summary""}","[{'text': 'The model selection process involves evaluating several algorithms on the training data. The model with the highest validation accuracy is chosen for training. The specific model details, such as architecture, hyperparameters, and training parameters, are then saved for future use.'}]",0.54
Can you show me model info?,"{""command"": ""Model Summary""}",[{'text': 'Model Summary'}],0.73
What are the layers in the model?,"{""command"": ""Model Summary""}","[{'command': 'Model Summary', 'parameters': {}}]",0.59
I need model details.,"{""command"": ""Model Summary""}","[{'text': '...""}'}]",0.26
